Email,price
lucastaylor@yahoo.com,634.4336255735911
theresamitchell@martin-chambers.biz,436.3335118256731
john85@rodriguez.info,434.6278387303772
victoriajohnson@gmail.com,559.6651311763553
ecruz@yahoo.com,576.9613857714378
kristina69@gmail.com,545.1954986286077
alvareznancy@lucas.biz,509.26309168865805
kelly24@lewis.info,491.47045713411853
jordandavid@gmail.com,532.1809837885471
jill33@allen.com,467.9748464289112
tammyjones@griffin.com,471.02137415967707
schmidtdenise@hotmail.com,373.7978252225382
vickie90@lee-wilson.com,468.7841898694255
wellsjuan@schroeder.com,438.1638532100741
tracy79@wheeler.net,432.23161712045885
ryanwerner@freeman.biz,495.0215296216461
randywhite@armstrong.biz,466.6177890057876
garciakevin@gmail.com,540.5440878474723
whitetyler@anderson-avery.com,506.52420910457136
karenosborne@yahoo.com,616.631573071995
larrywest@davis.com,473.1790783886628
veronicapruitt@hotmail.com,364.3397069661713
efreeman@moore.com,449.81604517696405
djohnson@hotmail.com,356.81256786345966
acontreras@hotmail.com,375.89177876268286
davisbriana@gmail.com,535.1120502547901
david28@wallace-hill.org,481.1906411826187
john85@martin-morgan.com,495.736209955492
baldwinbryan@estrada-silva.biz,483.8001697026432
gbarnes@gmail.com,505.0133655643465
hunterlucas@gmail.com,551.5988132173752
richard16@boyer-pratt.com,451.209544549166
christophermorrison@mcguire-carter.biz,514.5103113935955
enash@gmail.com,491.8564171610484
jennifer24@hotmail.com,400.4147451614257
matthewgraves@mills-shaffer.com,479.3825521674171
oolson@collins.com,459.83781480020946
christianwade@butler.info,430.97126581685575
joshuaodom@gmail.com,534.6231218024345
mark81@wagner.com,465.5609827784857
tammy12@gmail.com,571.264416928974
bonnie69@lin.biz,439.74376204568193
connerjoseph@gmail.com,590.5397257717082
mosleyjacob@yahoo.com,634.106795666251
dongarcia@hotmail.com,359.9610149162919
carrillojacob@perry-larsen.com,450.5530607644372
jstark@anderson.com,409.4056829276327
marshchristopher@zimmerman-villegas.com,483.2555249639938
youngbarbara@yahoo.com,679.7445134753902
ilawson@hotmail.com,384.65578645724906
jamesfaulkner@hoffman-wolfe.org,495.06082409587475
crawforderik@price.org,453.82649643232764
wrightpeter@yahoo.com,626.395564549611
hailey18@yahoo.com,633.5776174187708
austinthomas@gmail.com,568.1420254383095
hortonrobert@hotmail.com,364.386522786941
deandanny@yahoo.com,623.2131375096433
rhonda01@gmail.com,601.420076066001
amberchase@fowler.info,490.86447327129076
krista86@norton.net,495.57808854996676
christopher66@hotmail.com,308.8540875589209
kennethperry@bowen.org,451.56957737602204
langmatthew@hotmail.com,334.3269635504788
arice@reynolds.info,477.45357108490214
aaron04@yahoo.com,641.6948335835675
alicia85@lee.com,495.81386993163244
gregoryrussell@yahoo.com,597.3225732283488
cody68@hotmail.com,415.74212533424134
twilliams@gibbs.net,483.1633167624366
nielsencarmen@harrell.net,459.5661611183791
daniellecuevas@hotmail.com,363.71409377214945
ijones@schaefer-carr.net,497.2885786250539
mark52@yahoo.com,580.0980830421177
dwhite@gmail.com,560.0335206481075
adam75@gmail.com,530.3823245187551
